frame,centroidX,centroidY
226,2309.993236714976,116.15072463768117
227,2329.558431544301,117.45310957158785
228,2349.1236263736264,118.75549450549453
229,2349.1236263736264,118.75549450549453
304,2892.403819918145,116.5675306957708
305,2906.8886232457858,116.54390520802525
306,2921.3734265734265,116.52027972027972
307,2921.3734265734265,116.52027972027972
