frame,centroidX,centroidY
546,3139.790625,343.23541666666665
547,3122.6476711378355,326.0081298180697
548,3105.504717275671,308.7808429694727
549,3088.3617634135057,291.5535561208758
550,3071.218809551341,274.3262692722788
551,3054.0758556891765,257.09898242368183
552,3054.0758556891765,257.09898242368183
