frame,centroidX,centroidY
109,2380.5036674816624,1091.559902200489
110,2380.850156207552,1091.2094958344653
111,2381.196644933442,1090.8590894684417
112,2381.543133659332,1090.5086831024178
113,2381.8896223852216,1090.158276736394
114,2382.2361111111113,1089.8078703703704
115,2382.2361111111113,1089.8078703703704
