frame,centroidX,centroidY
243,2493.9147727272725,1708.979166666667
244,2548.5833823590124,1505.2551184529218
245,2603.2519919907522,1301.5310702391766
246,2657.9206016224916,1097.8070220254317
247,2712.5892112542315,894.0829738116864
248,2767.2578208859713,690.3589255979414
249,2821.926430517711,486.6348773841962
250,2821.926430517711,486.63487738419616
