frame,centroidX,centroidY
410,2374.927272727273,1084.1181818181817
411,2374.927272727273,1084.1181818181817
