frame,centroidX,centroidY
285,2290.241895261845,954.4912718204488
286,2387.0928270042195,1321.6751054852318
