frame,centroidX,centroidY
667,1907.5174848681968,1083.8625445832454
668,1906.379722385629,1082.842696622332
