frame,centroidX,centroidY
328,1906.5348649593507,1084.6149176510849
329,2038.7839605410738,1041.3480146807353
330,2171.033056122797,998.0811117103859
331,2303.2821517045204,954.8142087400365
332,2435.5312472862433,911.5473057696871
333,2567.7803428679667,868.2804027993377
334,2700.02943844969,825.0134998289882
335,2832.278534031413,781.7465968586388
336,2832.278534031413,781.7465968586388
