frame,centroidX,centroidY
718,1800.6087570621467,1270.2065677966102
719,1997.5317310031626,1160.8966650785283
720,2194.4547049441785,1051.5867623604463
721,2194.4547049441785,1051.5867623604463
