frame,centroidX,centroidY
483,1904.1425134336112,1083.307301682373
484,1904.3993530028326,1083.7678976270615
