frame,centroidX,centroidY
249,1908.3467741935485,4.169354838709677
250,1977.0150581035775,152.50662413332898
251,2045.6833420136065,300.84389342794833
252,2114.3516259236353,449.1811627225676
253,2183.0199098336643,597.5184320171869
254,2251.6881937436933,745.8557013118062
255,2251.6881937436933,745.8557013118062
