frame,centroidX,centroidY
577,1907.55448681435,1085.571654404649
578,1907.9162634044546,1085.116935541354
