frame,centroidX,centroidY
675,1397.9278350515467,854.4948453608247
676,1498.5499456682464,958.3221847210855
677,1599.1720562849462,1062.1495240813465
678,1699.794166901646,1165.9768634416073
679,1800.4162775183456,1269.804202801868
680,1800.4162775183456,1269.804202801868
