frame,centroidX,centroidY
233,1905.5752085966321,1086.1448220339475
234,1906.0837642760375,1086.2873945015847
