frame,centroidX,centroidY
737,2317.320410490308,1766.4891676168756
738,2316.796875,1766.946428571429
