frame,centroidX,centroidY
433,1208.1882845188284,223.28451882845192
434,1398.4582272148443,335.28808440967805
435,1588.7281699108603,447.29164999090415
436,1778.9981126068765,559.2952155721302
437,1969.2680553028924,671.2987811533563
438,2159.5379979989084,783.3023467345826
439,2349.8079406949246,895.3059123158087
440,2540.0778833909408,1007.3094778970348
441,2730.3478260869565,1119.3130434782609
442,2730.3478260869565,1119.3130434782609
