frame,centroidX,centroidY
46,1337.87304,1896.738611
47,1337.546256,1897.1864899999998
48,1338.209131,1896.0920469999999
63,1423.839783,1932.133127
64,1426.8141660000001,1931.5605480000002
