frame,centroidX,centroidY
359,1010.2548419999999,1643.4729869999999
360,1010.489676,1643.2556539999998
361,1009.633028,1643.440367
