frame,centroidX,centroidY
486,1446.867688,1576.5571029999999
487,1447.046544,1576.71086
