frame,centroidX,centroidY
455,1386.526846,255.2583893
456,1719.954128,631.3944954
