frame,centroidX,centroidY
119,1076.2808220000002,1598.020548
120,1075.459433,1597.811339
