frame,centroidX,centroidY
299,1997.0924870000001,1078.234954
300,1997.0874379999998,1078.593987
