frame,centroidX,centroidY
562,3379.6306310000004,2086.612613
563,1970.0421379999998,1296.88239
