frame,centroidX,centroidY
376,3398.7836729999995,91.9877551
377,1137.047619,188.59523810000002
