frame,centroidX,centroidY
314,1107.0970869999999,735.961165
315,1976.5922329999999,696.7669903
