frame,centroidX,centroidY
47,1012.383051,1399.784746
48,1011.0352939999999,1400.142017
