frame,centroidX,centroidY
597,1447.194175,1576.353675
598,1447.044898,1575.653061
